date,hat,task,estimate_hours,actual_hours,ai_assisted,notes
2026-08-24,Project manager,SAMPLE — delete before Milestone 1,1.0,1.0,,Replace this row with real logged sessions; keep the header row
2026-08-30,Student,grabbing materials,5,4,,Got a lot of documentation and ideas.
2026-08-31,Project manager,HW 1 (Late),3,5,,Sorry for late but your AI slop is pissing me off.
2026-09-05,Project manager,HW 2,4,6,,its good.
2026-09-06,project manager/researcher,HW 2,6,7,,"found some canadites to reach out to and they got back to me, then I made some progress on backup ideas for my project."
2026-09-11, planner, hw 3, 8, 8.7,,"worked on finding multiple extra people to talk to online. and worked on the HW assignments."
2026-09-13, architect, hw3, 6, 9,,"filling out the requirements.md file"
2026-09-17,business analyst,hw 3 fine tuning,8,5,,"Progressing through fine tuning last week's work (hw 3) and finishing this week's by going through my ideas and fine tuning."
2026-09-19,business analyst,hw 3 fine tuning,2,4,,"Progressing through fine tuning last week's work (hw 3) and finishing this week's by going through my ideas and fine tuning."
2026-09-20,business analyst,hw 4,6,4,,"Progressing through fine tuning last week's work (hw 3) and finishing this week's by going through my ideas and fine tuning."
2026-09-20,business analyst,planning and research (2 chat sessions x 2 h),4,4,,"Fixed allowance of 2 hours per chat session for planning and research, not separately measured."
2026-09-24,architect,HW 5 research and prep (7am-12pm),5,5,,"Reading and research toward the tech evaluation before starting the write-up."
2026-09-25,architect,HW 5 research and prep (7am-12pm),5,5,,"Reading and research toward the tech evaluation before starting the write-up."
2026-09-26,architect,HW 5 research and prep (2pm-10pm),4,8,,"Reading and research toward the tech evaluation before starting the write-up; ran long."
2026-09-27,architect,"HW 5: tech-evaluation matrix, 5 ADRs, 3 spikes, LICENSE",2,2,,"Milestone 5 build session: weighted the 4-decision matrix, wrote all ADRs and spike plans, resolved the license deferral."
2026-09-29,architect,"HW 6: architecture.md scaffold through interface contracts and data model",6,7,,"Purpose/Scope, context/container/component diagrams, 11 interface contracts, data model + migration 0001."
2026-10-01,architect,"HW 6: sequence flows, error handling, dependency spec, traceability",5,5,,"Sequence flows, edge-case register, AI dependency spec, full traceability table, open questions."
2026-10-04,architect,"HW 6: medium-tier spike (SP-02) and hard-tier design defense memo",2,4,,"Ran the SQLite write-contention spike for real, updated ADR 0002, wrote the design defense memo."
2026-10-05,planning manager,HW 7: pulled the assignment,8,4,Yes,"Read the full Milestone 7 assignment text and planned the approach."
2026-10-06,planning manager,"HW 7: work breakdown (39 tasks) and risk register (9 risks)",6,4,Yes,"Reviewed AI-proposed tasks and risks one at a time; supplied every O/M/P estimate and every risk score myself."
2026-10-07,planning manager,"HW 7: capacity decision, scope decision, medium tier, hard tier memo",4,4,Yes,"Chose the capacity increase over a feature cut, wrote the Scope Defense Memo answers."
2026-10-10,planning manager,HW 7: closed the capacity gap for real (deferred 6 tasks),6,7,Yes,"Reviewed the sorted task list again, deferred 6 Should-priority/non-core tasks, plan now fits plannable capacity with 0.8h to spare."
